name,surname,email,password
yan,jan,graspy@gmail.ru,wer5Q
yang,jan,graspy@gmail.ru,wer5Q
wqtweyruityopiiiiiiiiiiiuuuuuuuuuuuuuuuuuuuuuuuuuyyyyyyyyyyyyyyyyyyyyyyyyyyyyyyyyyyyiiiiiiiiiiiiiiiiiiiiiiiisssssssssssssddddddddddddddddffffffffffffffffffhhhhhhhhhhhhhhhhhhggggggggggggggggggggjjjjjjjjjjjjjjjjjjjjjjjjjjjbbbbbbbbbbbbbbbbbbbbrrrrrrrrrrrrrrr,jan,graspy@gmail.ru,wer5Q
wqtweyruityopiiiiiiiiiiiuuuuuuuuuuuuuuuuuuuuuuuuuyyyyyyyyyyyyyyyyyyyyyyyyyyyyyyyyyyyiiiiiiiiiiiiiiiiiiiiiiiisssssssssssssddddddddddddddddffffffffffffffffffhhhhhhhhhhhhhhhhhhggggggggggggggggggggjjjjjjjjjjjjjjjjjjjjjjjjjjjbbbbbbbbbbbbbbbbbbbbrrrrrrrrrrrrrrr,jan,graspy@gmail.ru,wer5Q
JERREMY,jan,graspy@gmail.ru,wer5Q
PeterDeMontfort,jan,graspy@gmail.ru,wer5Q
John Grady,jan,graspy@gmail.ru,wer5Q
Peter de Montfort,jan,graspy@gmail.ru,wer5Q
John O'Grady,jan,graspy@gmail.ru,wer5Q
Jose Casal-Gimenez,jan,graspy@gmail.ru,wer5Q
Jose Casal-Gimenez,jan,graspy@gmail.ru,wer5Q
yang,jan,graspy@gmail.ru,wer5Q
yang,Wqtweyruityopiiiiiiiiiiiuuuuuuuuuuuuuuuuuuuuuuuuuyyyyyyyyyyyyyyyyyyyyyyyyyyyyyyyyyyyiiiiiiiiiiiiiiiiiiiiiiiisssssssssssssddddddddddddddddffffffffffffffffffhhhhhhhhhhhhhhhhhhggggggggggggggggggggjjjjjjjjjjjjjjjjjjjjjjjjjjjbbbbbbbbbbbbbbbbbbbbrrrrrrrrrrrrrrr,graspy@gmail.ru,wer5Q
yang,JERREMY,graspy@gmail.ru,wer5Q
yang,PeterDeMontfort,graspy@gmail.ru,wer5Q
yang,John Grady,graspy@gmail.ru,wer5Q
yang,Peter de Montfort,graspy@gmail.ru,wer5Q
yang,John O'Grady,graspy@gmail.ru,wer5Q
yang,Jose Casal-Gimenez,graspy@gmail.ru,wer5Q
yang,Jose Casal-Gimenez,graspy@gmail.ru,wer5Q
yang,,graspy@gmail.ru,wer5Q
yang, ,graspy@gmail.ru,wer5Q
yang,  ,graspy@gmail.ru,wer5Q
yang,123456789,graspy@gmail.ru,wer5Q
yang,!#$%&'*+-/=?^_`{|}~,graspy@gmail.ru,wer5Q
yang,JERREMY,graspy@gmail.ru,wer5Q
yang,JERREMY,GRASPY@GMAIL.RU,wer5Q
yang,JERREMY,123bip@gmail.ru,wer5Q
yang,JERREMY,123-bip@gmail.ru,wer5Q
yang,JERREMY,123_bip@gmail.ru,wer5Q
yang,JERREMY,123.bip@gmail.ru,wer5Q
yang,JERREMY,email@domain.com,wer5Q
yang,JERREMY,email..email@domain.com,wer5Q
yang,JERREMY,bip@12345.com,wer5Q
yang,JERREMY,123bip@g-mail.ru,wer5Q
yang,JERREMY,123bip@gma_il.ru,wer5Q
yang,JERREMY,123bip@g.mail.ru,wer5Q
yang,JERREMY,email@[123.123.123.123],wer5Q
yang,JERREMY,nathan@????.com,wer5Q
yang,JERREMY,GRASPY@GMAIL.RU,wer5Q
yang,JERREMY,GRASPY@GMAIL.RU,qwertyuiopasdfghjklzxcw5W
yang,JERREMY,GRASPY@GMAIL.RU,wertyuiopasdfghjklzxcw5W
